group_id,source_file,source_page,source_row_index,crop_slug,active_ingredient,reason
tur_chlorantraniliprole_phi,insecticides_20260331.pdf,12,18,tur,Chlorantraniliprole 18.50% SC,"CIB&RC lists the same claim twice under two crop synonyms with different waiting periods: insecticides p12 'Pigeon pea' PHI 29 and p13 'Red Gram' PHI 22, same product, same pest, same 30/150 dose. Pigeon pea and Red Gram are the same crop."
tur_chlorantraniliprole_phi,insecticides_20260331.pdf,13,2,tur,Chlorantraniliprole 18.50% SC,"CIB&RC lists the same claim twice under two crop synonyms with different waiting periods: insecticides p12 'Pigeon pea' PHI 29 and p13 'Red Gram' PHI 22, same product, same pest, same 30/150 dose. Pigeon pea and Red Gram are the same crop."
cotton_diafenthiuron_dose_phi,insecticides_20260331.pdf,24,12,cotton,Diafenthiuron 50% WP,"insecticides p24: two Cotton rows under one 'Diafenthiuron 50% WP' header, same pest list, 300 a.i./600 form PHI 21 and 239 a.i./500 form PHI 30. No sub-heading separates them."
cotton_diafenthiuron_dose_phi,insecticides_20260331.pdf,24,18,cotton,Diafenthiuron 50% WP,"insecticides p24: two Cotton rows under one 'Diafenthiuron 50% WP' header, same pest list, 300 a.i./600 form PHI 21 and 239 a.i./500 form PHI 30. No sub-heading separates them."
tomato_flubendiamide_dose,insecticides_20260331.pdf,33,3,tomato,Flubendiamide 20% WG,"insecticides p32-33: two Tomato/Fruit borer rows under 'Flubendiamide 20% WG', 48 a.i./100 form and 50 a.i./250 form. The first is arithmetically impossible for a 20% product (expects 20 a.i.) and appears verbatim under 'Flubendiamide 39.35% w/w SC' on the same page — a row duplicated into the wrong table in the source document."
tomato_flubendiamide_dose,insecticides_20260331.pdf,33,4,tomato,Flubendiamide 20% WG,"insecticides p32-33: two Tomato/Fruit borer rows under 'Flubendiamide 20% WG', 48 a.i./100 form and 50 a.i./250 form. The first is arithmetically impossible for a 20% product (expects 20 a.i.) and appears verbatim under 'Flubendiamide 39.35% w/w SC' on the same page — a row duplicated into the wrong table in the source document."
cotton_pyriproxyfen_dose_phi,insecticides_20260331.pdf,45,14,cotton,Pyriproxyfen 10%EC,"insecticides p45: two Cotton/Whitefly rows under 'Pyriproxyfen 10% EC', 1000 ml PHI 31 and 500-700 ml PHI 50. Both arithmetically consistent with 10%; the document simply states two claims."
cotton_pyriproxyfen_dose_phi,insecticides_20260331.pdf,45,15,cotton,Pyriproxyfen 10%EC,"insecticides p45: two Cotton/Whitefly rows under 'Pyriproxyfen 10% EC', 1000 ml PHI 31 and 500-700 ml PHI 50. Both arithmetically consistent with 10%; the document simply states two claims."
grape_pyriofenone_phi,fungicides_20260331.pdf,26,13,grape,Pyriofenone 18.0% w/v SC,"fungicides p26 and p34: identical Grape/Powdery mildew claims under 'Pyriofenone 18% w/v SC' (108 a.i./600 form/750 dilution) with different waiting periods, PHI 7 and PHI 5."
grape_pyriofenone_phi,fungicides_20260331.pdf,34,2,grape,Pyriofenone 18 % w/v SC,"fungicides p26 and p34: identical Grape/Powdery mildew claims under 'Pyriofenone 18% w/v SC' (108 a.i./600 form/750 dilution) with different waiting periods, PHI 7 and PHI 5."
grape_copper_hydroxide_strength_mismatch,fungicides_20260331.pdf,8,25,grape,Copper Hydroxide 53.8% DF,"strength_mismatch: fungicides p8 r25 — 525 g a.i. stated against 1500 g product implies ~35%, not the 53.8% the header states (expected ~807 g a.i., ratio 0.65 per tools/phase6_stepD_strength_check.py). Solid formulation, so g_a.i. = g_product x % is exact and no density term can explain the gap. The a.i./formulation pair is internally inconsistent; neither number can be trusted."
cotton_pyrifluinazon_strength_mismatch,insecticides_20260331.pdf,45,11,cotton,Pyrifluinazon 20% WG,"strength_mismatch: insecticides p45 r11 — 100 g a.i. stated against 375 g product implies ~27%, not the 20% the header states (expected 75 g a.i., ratio 1.33 per tools/phase6_stepD_strength_check.py). Solid formulation, so g_a.i. = g_product x % is exact and no density term can explain the gap. The a.i./formulation pair is internally inconsistent; neither number can be trusted."
