active_ingredient,tier,restricted_crops,instrument,date,notes,restriction_type,source_section
Alachlor,banned,,S.O. 3951(E),2018-08-08,"Banned for manufacture, import and use.",banned,I.A
Aldicarb,banned,,S.O. 682(E),2001-07-17,"Banned for manufacture, import and use.",banned,I.A
Aldrin,banned,,,,"Banned for manufacture, import and use.",banned,I.A
Benzene Hexachloride,banned,,,,"Banned for manufacture, import and use.",banned,I.A
Benomyl,banned,,S.O. 3951(E),2018-08-08,"Banned for manufacture, import and use.",banned,I.A
Calcium Cyanide,banned,,,,"Banned for manufacture, import and use.",banned,I.A
Carbaryl,banned,,S.O. 3951(E),2018-08-08,"Banned for manufacture, import and use.",banned,I.A
Chlorbenzilate,banned,,S.O. 682(E),2001-07-17,"Banned for manufacture, import and use.",banned,I.A
Chlordane,banned,,,,"Banned for manufacture, import and use.",banned,I.A
Chlorofenvinphos,banned,,,,"Banned for manufacture, import and use.",banned,I.A
Copper Acetoarsenite,banned,,,,"Banned for manufacture, import and use.",banned,I.A
Diazinon,banned,,S.O. 3951(E),2018-08-08,"Banned for manufacture, import and use.",banned,I.A
Dibromochloropropane,banned,,S.O. 569(E),1989-07-25,"Banned for manufacture, import and use.",banned,I.A
Dichlorovos,banned,,S.O. 3951(E),2018-08-08,"Banned for manufacture, import and use.",banned,I.A
Dicofol,banned,,S.O. 4294(E),2023-10-03,"Banned for manufacture, import and use.",banned,I.A
Dieldrin,banned,,S.O. 682(E),2001-07-17,"Banned for manufacture, import and use.",banned,I.A
Dinocap,banned,,S.O. 4294(E),2023-10-03,"Banned for manufacture, import and use.",banned,I.A
Endosulfron,banned,,Supreme Court WP(C) 213/2011,2017-01-10,"Banned for manufacture, import and use.",banned,I.A
Endrin,banned,,,,"Banned for manufacture, import and use.",banned,I.A
Ethyl Mercury Chloride,banned,,,,"Banned for manufacture, import and use.",banned,I.A
Ethyl Parathion,banned,,,,"Banned for manufacture, import and use.",banned,I.A
Ethylene Dibromide,banned,,S.O. 682(E),2001-07-17,"Banned for manufacture, import and use.",banned,I.A
Fenarimol,banned,,S.O. 3951(E),2018-08-08,"Banned for manufacture, import and use.",banned,I.A
Fenthion,banned,,S.O. 3951(E),2018-08-08,"Banned for manufacture, import and use.",banned,I.A
Heptachlor,banned,,,,"Banned for manufacture, import and use.",banned,I.A
Lindane,banned,,,,"Banned for manufacture, import and use.",banned,I.A
Linuron,banned,,S.O. 3951(E),2018-08-08,"Banned for manufacture, import and use.",banned,I.A
Maleic Hydrazide,banned,,S.O. 682(E),2001-07-17,"Banned for manufacture, import and use.",banned,I.A
Menazon,banned,,,,"Banned for manufacture, import and use.",banned,I.A
Methomyl,banned,,S.O. 4294(E),2023-10-03,"Banned for manufacture, import and use.",banned,I.A
Methoxy Ethyl Mercury Chloride,banned,,S.O. 3951(E),2018-08-08,"Banned for manufacture, import and use.",banned,I.A
Methyl Parathion,banned,,S.O. 3951(E),2018-08-08,"Banned for manufacture, import and use.",banned,I.A
Metoxuron,banned,,,,"Banned for manufacture, import and use.",banned,I.A
Nitrofen,banned,,,,"Banned for manufacture, import and use.",banned,I.A
Paraquat Dimethyl Sulphate,banned,,,,"Banned for manufacture, import and use.",banned,I.A
Pentachloro Nitrobenzene,banned,,S.O. 569(E),1989-07-25,"Banned for manufacture, import and use.",banned,I.A
Pentachlorophenol,banned,,,,"Banned for manufacture, import and use.",banned,I.A
Phenyl Mercury Acetate,banned,,,,"Banned for manufacture, import and use.",banned,I.A
Phorate,banned,,S.O. 3951(E),2018-08-08,"Banned for manufacture, import and use.",banned,I.A
Phosphamidon,banned,,S.O. 3951(E),2018-08-08,"Banned for manufacture, import and use.",banned,I.A
Sodium Cyanide,banned,,S.O. 3951(E),2018-08-08,"Banned for manufacture, import and use.",banned,I.A
Sodium Methane Arsonate,banned,,,,"Banned for manufacture, import and use.",banned,I.A
Tetradifon,banned,,,,"Banned for manufacture, import and use.",banned,I.A
Thiometon,banned,,S.O. 3951(E),2018-08-08,"Banned for manufacture, import and use.",banned,I.A
Toxaphene,banned,,S.O. 569(E),1989-07-25,"Banned for manufacture, import and use.",banned,I.A
Triazophos,banned,,S.O. 3951(E),2018-08-08,"Banned for manufacture, import and use.",banned,I.A
Tridemorph,banned,,S.O. 3951(E),2018-08-08,"Banned for manufacture, import and use.",banned,I.A
Trichloro acetic acid,banned,,S.O. 682(E),2001-07-17,"Banned for manufacture, import and use.",banned,I.A
Trichlorfon,banned,,S.O. 3951(E),2018-08-08,"Banned for manufacture, import and use.",banned,I.A
Captafol,banned,,S.O. 679(E),2001-07-17,Banned for USE in India; manufacture for export permitted. An advisory must never recommend it.,banned,I.B
Dichlorvos,banned,,S.O. 1196(E),2020-03-20,Banned for USE in India; manufacture for export permitted. An advisory must never recommend it.,banned,I.B
Nicotin Sulfate,banned,,S.O. 325(E),1992-05-11,Banned for USE in India; manufacture for export permitted. An advisory must never recommend it.,banned,I.B
Phorate,banned,,S.O. 1196(E),2020-03-20,Banned for USE in India; manufacture for export permitted. An advisory must never recommend it.,banned,I.B
Triazophos,banned,,S.O. 1196(E),2020-03-20,Banned for USE in India; manufacture for export permitted. An advisory must never recommend it.,banned,I.B
Dalapon,banned,,S.O. 915(E),2006-06-15,Withdrawn. Withdrawal may become inoperative if the required data is generated and accepted by the Registration Committee. Treated as banned per the Phase 7 Step E brief.,withdrawn,I.C
Ferbam,banned,,S.O. 915(E),2006-06-15,Withdrawn. Withdrawal may become inoperative if the required data is generated and accepted by the Registration Committee. Treated as banned per the Phase 7 Step E brief.,withdrawn,I.C
Formothion,banned,,S.O. 915(E),2006-06-15,Withdrawn. Withdrawal may become inoperative if the required data is generated and accepted by the Registration Committee. Treated as banned per the Phase 7 Step E brief.,withdrawn,I.C
Nickel Chloride,banned,,S.O. 915(E),2006-06-15,Withdrawn. Withdrawal may become inoperative if the required data is generated and accepted by the Registration Committee. Treated as banned per the Phase 7 Step E brief.,withdrawn,I.C
Paradichlorobenzene,banned,,S.O. 915(E),2006-06-15,Withdrawn. Withdrawal may become inoperative if the required data is generated and accepted by the Registration Committee. Treated as banned per the Phase 7 Step E brief.,withdrawn,I.C
Simazine,banned,,S.O. 915(E),2006-06-15,Withdrawn. Withdrawal may become inoperative if the required data is generated and accepted by the Registration Committee. Treated as banned per the Phase 7 Step E brief.,withdrawn,I.C
Sirmate,banned,,S.O. 2485(E),2014-09-24,Withdrawn. Withdrawal may become inoperative if the required data is generated and accepted by the Registration Committee. Treated as banned per the Phase 7 Step E brief.,withdrawn,I.C
Warfarin,banned,,S.O. 915(E),2006-06-15,Withdrawn. Withdrawal may become inoperative if the required data is generated and accepted by the Registration Committee. Treated as banned per the Phase 7 Step E brief.,withdrawn,I.C
"2,4,5-T",refused_registration,,,,"Refused registration: never granted registration, so any label claim for it is fabricated. Source gives no per-row instrument.",refused_registration,II
Ammonium Sulphamate,refused_registration,,,,"Refused registration: never granted registration, so any label claim for it is fabricated. Source gives no per-row instrument.",refused_registration,II
Azinphos Ethyl,refused_registration,,,,"Refused registration: never granted registration, so any label claim for it is fabricated. Source gives no per-row instrument.",refused_registration,II
Azinphos Methyl,refused_registration,,,,"Refused registration: never granted registration, so any label claim for it is fabricated. Source gives no per-row instrument.",refused_registration,II
Binapacryl,refused_registration,,,,"Refused registration: never granted registration, so any label claim for it is fabricated. Source gives no per-row instrument.",refused_registration,II
Calcium Arsenate,refused_registration,,,,"Refused registration: never granted registration, so any label claim for it is fabricated. Source gives no per-row instrument.",refused_registration,II
Carbophenothion,refused_registration,,,,"Refused registration: never granted registration, so any label claim for it is fabricated. Source gives no per-row instrument.",refused_registration,II
Chinomethionate,refused_registration,,,,"Refused registration: never granted registration, so any label claim for it is fabricated. Source gives no per-row instrument.",refused_registration,II
Dicrotophos,refused_registration,,,,"Refused registration: never granted registration, so any label claim for it is fabricated. Source gives no per-row instrument.",refused_registration,II
EPN,refused_registration,,,,"Refused registration: never granted registration, so any label claim for it is fabricated. Source gives no per-row instrument.",refused_registration,II
Fentin Acetate,refused_registration,,,,"Refused registration: never granted registration, so any label claim for it is fabricated. Source gives no per-row instrument.",refused_registration,II
Fentin Hydroxide,refused_registration,,,,"Refused registration: never granted registration, so any label claim for it is fabricated. Source gives no per-row instrument.",refused_registration,II
Lead Arsenate,refused_registration,,,,"Refused registration: never granted registration, so any label claim for it is fabricated. Source gives no per-row instrument.",refused_registration,II
Leptophos,refused_registration,,,,"Refused registration: never granted registration, so any label claim for it is fabricated. Source gives no per-row instrument.",refused_registration,II
Mephosfolan,refused_registration,,,,"Refused registration: never granted registration, so any label claim for it is fabricated. Source gives no per-row instrument.",refused_registration,II
Mevinphos,refused_registration,,,,"Refused registration: never granted registration, so any label claim for it is fabricated. Source gives no per-row instrument.",refused_registration,II
Thiodemeton,refused_registration,,,,"Refused registration: never granted registration, so any label claim for it is fabricated. Source gives no per-row instrument.",refused_registration,II
Vamidothion,refused_registration,,,,"Refused registration: never granted registration, so any label claim for it is fabricated. Source gives no per-row instrument.",refused_registration,II
Aluminium Phosphide,restricted_use,stored_grain_fumigation,G.S.R. 371(E) / S.O. 677(E),1999-05-20,Pest control operations only by Govt/approved operators under expert supervision. Tube packs of 10 and 20 tablets of 3g banned completely (S.O. 677(E) 2001-07-17). Fumigant: not an agricultural foliar use on the 8 scope crops.,restricted,III
Captafol,restricted_use,seed_treatment_only,S.O. 569(E),1989-07-25,Use as foliar spray is BANNED; permitted only as seed dresser. Manufacture of Captafol 80% DS banned except for export (S.O. 679(E) 2001-07-17). Also listed banned-for-use in section I.B.,restricted,III
Carbofuran,restricted_use,,S.O. 4294(E),2023-10-03,"All formulations EXCEPT Carbofuran 3% Encapsulated Granule (CG), with the crop labels, may be stopped from use. Empty crop scope = every crop: the exception is formulation-level, not crop-level, so any non-3%-CG recommendation is restricted on all 8 scope crops.",restricted,III
Chlorpyriphos,restricted_use,ber;citrus;tobacco,S.O. 4294(E),2023-10-03,"Banned for use in Ber, Citrus and Tobacco. None of the three is a scope crop, so this does not fire on the 8.",restricted,III
Cypermethrin,restricted_use,public_health,WP(C) 10052/2009; LPA-429/2009,2009-09-08,"Cypermethrin 3% Smoke Generator restricted to Pest Control Operators, not general public. Formulation- and use-scoped (public health), not a restriction on agricultural cypermethrin.",restricted,III
Dazomet,restricted_use,tea,S.O. 3006(E),2008-12-31,Use not permitted on Tea. Tea is not a scope crop.,restricted,III
Dichloro Diphenyl Trichloroethane,restricted_use,,S.O. 378(E),1989-05-26,"Use of DDT in AGRICULTURE is withdrawn; public health use capped at 10,000 MT/annum (S.O. 295(E) 2006-03-08). Empty crop scope = every crop, because the agricultural withdrawal reaches all 8.",restricted,III
Dimethoate,restricted_use,tomato;grape;pomegranate;onion,S.O. 4294(E),2023-10-03,"Banned for use in fruits and vegetables CONSUMED AS RAW FOOD ITEMS. The order names a category, not a crop list; the four scope crops listed here are this project's reading of that category (tomato/grape/pomegranate/onion). JUDGEMENT CALL -- flagged for review. Cotton, soybean, tur and gram are not raw-consumed.",restricted,III
Fenitrothion,restricted_use,,S.O. 706(E),2007-05-03,Banned in agriculture EXCEPT locust control in scheduled desert area and public health. Empty crop scope = every crop: the carve-out is not an agricultural crop use.,restricted,III
Malathion,restricted_use,soybean;tomato;grape,S.O. 4294(E),2023-10-03,"Banned for use on Sorghum, Pea, Soybean, Castor, Sunflower, Bhindi, Brinjal, Cauliflower, Radish, Turnip, Tomato, Apple, Mango and Grape. Three of those are scope crops: soybean, tomato, grape.",restricted,III
Mancozeb,restricted_use,guava;jowar;tapioca,S.O. 4294(E),2023-10-03,"Banned for use on Guava, Jowar and Tapioca. None is a scope crop, so this does not fire on the 8 -- see module docstring, Mancozeb is the most-mentioned chemical in the KCC pool and blanket-banning it would be wrong.",restricted,III
Methyl Bromide,restricted_use,stored_grain_fumigation,G.S.R. 371(E),1999-05-20,"Use only by Govt/approved pest control operators under expert supervision. Fumigant, not an agricultural foliar use on the 8.",restricted,III
Monocrotophos,restricted_use,,S.O. 4294(E),2023-10-03,"Banned for use on VEGETABLES since S.O. 1482(E) 2005-10-10. Additionally S.O. 4294(E) discontinues Monocrotophos 36% SL: no new registration certificates, all 36% SL certificates cancelled after a one-year extension window (i.e. from 2024-10-03), sale only to clear existing stock till expiry. Empty crop scope = every crop, CONSERVATIVE: the vegetable ban reaches tomato and onion, and the dominant registered formulation is now cancelled. JUDGEMENT CALL -- flagged for review.",restricted,III
Oxyfluorfen,restricted_use,potato;groundnut,S.O. 4294(E),2023-10-03,Banned for use on Potato and Groundnut. Neither is a scope crop.,restricted,III
Quinalphos,restricted_use,jute;cardamom;sorghum,S.O. 4294(E),2023-10-03,"Banned for use on Jute, Cardamom and Sorghum. None is a scope crop.",restricted,III
Trifluralin,restricted_use,,S.O. 3951(E),2018-08-08,"Registration, import, manufacture, formulation, transport, sale and ALL uses EXCEPT use in wheat prohibited and completely banned from 2018-08-08. Empty crop scope = every crop: wheat is not a scope crop, so the carve-out never applies here.",restricted,III
Endosulfan,banned,,Supreme Court WP(C) 213/2011,2017-01-10,CORRECTED SPELLING of the source PDF's 'Endosulfron' (section I.A #18). Emitted so the normalise_ai_name key matches label_db; the verbatim misspelling is also present for audit.,banned,I.A (corrected)
DDT,restricted_use,,S.O. 378(E),1989-05-26,"ALIAS row for 'Dichloro Diphenyl Trichloroethane' (section III #7), which the source PDF both misspells ('Dicohlro') and splits across its table columns. DDT is the name any text would actually use. Agricultural use withdrawn, so empty crop scope = every crop.",restricted,III (alias)
